<widgets xmlns:xsi="http://www.w3.org/2001/XMLSchema-instance"
         xsi:noNamespaceSchemaLocation="urn:magento:module:Magento_Widget:etc/widget.xsd">
    <widget class="Loop\FeaturesProducts\Block\Widget\Slider" id="product_widget">
         <label>Product Widget</label>
        <description>This is a Test Product widget!!!</description>
        <parameters>
            <parameter name="title" xsi:type="text" required="true" visible="true" sort_order="10">
                <label>Label</label>
            </parameter>

            <parameter name="layout" xsi:type="select" visible="true" required="true" sort_order="20">
                <label translate="true">Layout</label>
                <options>
                    <option name="grid" value="grid">
                        <label>Grid</label>
                    </option>
                </options>
            </parameter>
        </parameters>
    </widget>
</widgets>
